video_id,video_path,video_url,label
_9fDPGotFFE,videos/dataset_fake/_9fDPGotFFE.mp4,https://www.youtube.com/watch?v=_9fDPGotFFE,fake
NcHngDgKQBk,videos/dataset_fake/NcHngDgKQBk.mp4,https://www.youtube.com/watch?v=NcHngDgKQBk,fake
2jo6HEy6fJ4,videos/dataset_fake/2jo6HEy6fJ4.mp4,https://www.youtube.com/watch?v=2jo6HEy6fJ4,fake
JtwjHbcJDpA,videos/dataset_fake/JtwjHbcJDpA.mp4,https://www.youtube.com/watch?v=JtwjHbcJDpA,fake
fj-Ipgw9kl8,videos/dataset_fake/fj-Ipgw9kl8.mp4,https://www.youtube.com/watch?v=fj-Ipgw9kl8,fake
RXF5yZZe8nQ,videos/dataset_fake/RXF5yZZe8nQ.mp4,https://www.youtube.com/watch?v=RXF5yZZe8nQ,fake
c_ahV2zV_dc,videos/dataset_fake/c_ahV2zV_dc.mp4,https://www.youtube.com/watch?v=c_ahV2zV_dc,fake
Ape5grS9MEM,videos/dataset_fake/Ape5grS9MEM.mp4,https://www.youtube.com/watch?v=Ape5grS9MEM,fake
HNXLDToqDk4,videos/dataset_fake/HNXLDToqDk4.mp4,https://www.youtube.com/watch?v=HNXLDToqDk4,fake
MsVl_CKu_gk,videos/dataset_fake/MsVl_CKu_gk.mp4,https://www.youtube.com/watch?v=MsVl_CKu_gk,fake
Y5GYqeCCu5Y,videos/dataset_fake/Y5GYqeCCu5Y.mp4,https://www.youtube.com/watch?v=Y5GYqeCCu5Y,fake
oefFuM4JS1c,videos/dataset_fake/oefFuM4JS1c.mp4,https://www.youtube.com/watch?v=oefFuM4JS1c,fake
jyhu1VipWpo,videos/dataset_fake/jyhu1VipWpo.mp4,https://www.youtube.com/watch?v=jyhu1VipWpo,fake
LhzKXjwC8vE,videos/dataset_fake/LhzKXjwC8vE.mp4,https://www.youtube.com/watch?v=LhzKXjwC8vE,fake
lfiASPH1lvE,videos/dataset_fake/lfiASPH1lvE.mp4,https://www.youtube.com/watch?v=lfiASPH1lvE,fake
Mz0hvlCnr4I,videos/dataset_fake/Mz0hvlCnr4I.mp4,https://www.youtube.com/watch?v=Mz0hvlCnr4I,fake
UwL-4LOhxx8,videos/dataset_fake/UwL-4LOhxx8.mp4,https://www.youtube.com/watch?v=UwL-4LOhxx8,fake
we7ms2crTzQ,videos/dataset_fake/we7ms2crTzQ.mp4,https://www.youtube.com/watch?v=we7ms2crTzQ,fake
alOHdzIrp7o,videos/dataset_fake/alOHdzIrp7o.mp4,https://www.youtube.com/watch?v=alOHdzIrp7o,fake
W4ltC6v6oMo,videos/dataset_fake/W4ltC6v6oMo.mp4,https://www.youtube.com/watch?v=W4ltC6v6oMo,fake
GLT9_K0WBfM,videos/dataset_fake/GLT9_K0WBfM.mp4,https://www.youtube.com/watch?v=GLT9_K0WBfM,fake
20qOocKN2TM,videos/dataset_fake/20qOocKN2TM.mp4,https://www.youtube.com/watch?v=20qOocKN2TM,fake
GEPcxs5IIJI,videos/dataset_fake/GEPcxs5IIJI.mp4,https://www.youtube.com/watch?v=GEPcxs5IIJI,fake
nByslCkykj8,videos/dataset_fake/nByslCkykj8.mp4,https://www.youtube.com/watch?v=nByslCkykj8,fake
WYTOxOhKl3Y,videos/dataset_fake/WYTOxOhKl3Y.mp4,https://www.youtube.com/watch?v=WYTOxOhKl3Y,fake
vYZbwJJk_hc,videos/dataset_fake/vYZbwJJk_hc.mp4,https://www.youtube.com/watch?v=vYZbwJJk_hc,fake
TJlaYYIS5SQ,videos/dataset_fake/TJlaYYIS5SQ.mp4,https://www.youtube.com/watch?v=TJlaYYIS5SQ,fake
8dYXU3iiyD0,videos/dataset_fake/8dYXU3iiyD0.mp4,https://www.youtube.com/watch?v=8dYXU3iiyD0,fake
jGuDpD-Y-1s,videos/dataset_fake/jGuDpD-Y-1s.mp4,https://www.youtube.com/watch?v=jGuDpD-Y-1s,fake
btvB56PkvwE,videos/dataset_fake/btvB56PkvwE.mp4,https://www.youtube.com/watch?v=btvB56PkvwE,fake
4hiTDNCYTxs,videos/dataset_fake/4hiTDNCYTxs.mp4,https://www.youtube.com/watch?v=4hiTDNCYTxs,fake
rTg9Uv94-Yg,videos/dataset_fake/rTg9Uv94-Yg.mp4,https://www.youtube.com/watch?v=rTg9Uv94-Yg,fake
z3F0ei62Kmk,videos/dataset_fake/z3F0ei62Kmk.mp4,https://www.youtube.com/watch?v=z3F0ei62Kmk,fake
JM--v7r7KNE,videos/dataset_fake/JM--v7r7KNE.mp4,https://www.youtube.com/watch?v=JM--v7r7KNE,fake
WFG-VGZIwUo,videos/dataset_fake/WFG-VGZIwUo.mp4,https://www.youtube.com/watch?v=WFG-VGZIwUo,fake
QDfE0HwDBo8,videos/dataset_fake/QDfE0HwDBo8.mp4,https://www.youtube.com/watch?v=QDfE0HwDBo8,fake
Vft1t63XW5U,videos/dataset_fake/Vft1t63XW5U.mp4,https://www.youtube.com/watch?v=Vft1t63XW5U,fake
AVeQfSab9to,videos/dataset_fake/AVeQfSab9to.mp4,https://www.youtube.com/watch?v=AVeQfSab9to,fake
SmNDzTBgB_8,videos/dataset_fake/SmNDzTBgB_8.mp4,https://www.youtube.com/watch?v=SmNDzTBgB_8,fake
ARcSIQDv9eI,videos/dataset_fake/ARcSIQDv9eI.mp4,https://www.youtube.com/watch?v=ARcSIQDv9eI,fake
yRk6vGkfpAI,videos/dataset_fake/yRk6vGkfpAI.mp4,https://www.youtube.com/watch?v=yRk6vGkfpAI,fake
g32Candon3A,videos/dataset_fake/g32Candon3A.mp4,https://www.youtube.com/watch?v=g32Candon3A,fake
JkPO-mBV9bQ,videos/dataset_fake/JkPO-mBV9bQ.mp4,https://www.youtube.com/watch?v=JkPO-mBV9bQ,fake
4UggbqKnzAM,videos/dataset_fake/4UggbqKnzAM.mp4,https://www.youtube.com/watch?v=4UggbqKnzAM,fake
5hfQ0aALNK4,videos/dataset_fake/5hfQ0aALNK4.mp4,https://www.youtube.com/watch?v=5hfQ0aALNK4,fake
yYMpI3208ts,videos/dataset_fake/yYMpI3208ts.mp4,https://www.youtube.com/watch?v=yYMpI3208ts,fake
1BDqfPEhsCA,videos/dataset_fake/1BDqfPEhsCA.mp4,https://www.youtube.com/watch?v=1BDqfPEhsCA,fake
AUF_LFWjbTY,videos/dataset_fake/AUF_LFWjbTY.mp4,https://www.youtube.com/watch?v=AUF_LFWjbTY,fake
CGywKooNMfQ,videos/dataset_fake/CGywKooNMfQ.mp4,https://www.youtube.com/watch?v=CGywKooNMfQ,fake
zrC4m3JbvQw,videos/dataset_fake/zrC4m3JbvQw.mp4,https://www.youtube.com/watch?v=zrC4m3JbvQw,fake
xYYcJA34KLg,videos/dataset_fake/xYYcJA34KLg.mp4,https://www.youtube.com/watch?v=xYYcJA34KLg,fake
cUi9NWYilpQ,videos/dataset_fake/cUi9NWYilpQ.mp4,https://www.youtube.com/watch?v=cUi9NWYilpQ,fake
jyLQA4UHksQ,videos/dataset_fake/jyLQA4UHksQ.mp4,https://www.youtube.com/watch?v=jyLQA4UHksQ,fake
SwlQX84v69U,videos/dataset_fake/SwlQX84v69U.mp4,https://www.youtube.com/watch?v=SwlQX84v69U,fake
aHfc7hpOYHQ,videos/dataset_fake/aHfc7hpOYHQ.mp4,https://www.youtube.com/watch?v=aHfc7hpOYHQ,fake
OHceCL-PY3E,videos/dataset_fake/OHceCL-PY3E.mp4,https://www.youtube.com/watch?v=OHceCL-PY3E,fake
QhA2CH6Z-v4,videos/dataset_fake/QhA2CH6Z-v4.mp4,https://www.youtube.com/watch?v=QhA2CH6Z-v4,fake
qYJk9l65eJ8,videos/dataset_fake/qYJk9l65eJ8.mp4,https://www.youtube.com/watch?v=qYJk9l65eJ8,fake
DdpsPM5fyNk,videos/dataset_fake/DdpsPM5fyNk.mp4,https://www.youtube.com/watch?v=DdpsPM5fyNk,fake
oGDCAe6czp8,videos/dataset_fake/oGDCAe6czp8.mp4,https://www.youtube.com/watch?v=oGDCAe6czp8,fake
VOORiyip4_c,videos/dataset_fake/VOORiyip4_c.mp4,https://www.youtube.com/watch?v=VOORiyip4_c,fake
PpWebxw_Zho,videos/dataset_fake/PpWebxw_Zho.mp4,https://www.youtube.com/watch?v=PpWebxw_Zho,fake
d8qosgZXJ9w,videos/dataset_fake/d8qosgZXJ9w.mp4,https://www.youtube.com/watch?v=d8qosgZXJ9w,fake
SN2XH8jwLK0,videos/dataset_fake/SN2XH8jwLK0.mp4,https://www.youtube.com/watch?v=SN2XH8jwLK0,fake
VRBOMOG2IZY,videos/dataset_fake/VRBOMOG2IZY.mp4,https://www.youtube.com/watch?v=VRBOMOG2IZY,fake
ez6Tu_Gnmms,videos/dataset_fake/ez6Tu_Gnmms.mp4,https://www.youtube.com/watch?v=ez6Tu_Gnmms,fake
kB3J9EivZN0,videos/dataset_fake/kB3J9EivZN0.mp4,https://www.youtube.com/watch?v=kB3J9EivZN0,fake
L1RMd96eHgo,videos/dataset_fake/L1RMd96eHgo.mp4,https://www.youtube.com/watch?v=L1RMd96eHgo,fake
jZT7yHVgcOo,videos/dataset_fake/jZT7yHVgcOo.mp4,https://www.youtube.com/watch?v=jZT7yHVgcOo,fake
YJd3QNt3bMc,videos/dataset_fake/YJd3QNt3bMc.mp4,https://www.youtube.com/watch?v=YJd3QNt3bMc,fake
xNPzmtYc7bc,videos/dataset_fake/xNPzmtYc7bc.mp4,https://www.youtube.com/watch?v=xNPzmtYc7bc,fake
In2DISyMTnM,videos/dataset_fake/In2DISyMTnM.mp4,https://www.youtube.com/watch?v=In2DISyMTnM,fake
mmDGqHM0clU,videos/dataset_fake/mmDGqHM0clU.mp4,https://www.youtube.com/watch?v=mmDGqHM0clU,fake
1q458uRROPI,videos/dataset_fake/1q458uRROPI.mp4,https://www.youtube.com/watch?v=1q458uRROPI,fake
OZz5PonQKu8,videos/dataset_fake/OZz5PonQKu8.mp4,https://www.youtube.com/watch?v=OZz5PonQKu8,fake
4TpwfbUjCYs,videos/dataset_fake/4TpwfbUjCYs.mp4,https://www.youtube.com/watch?v=4TpwfbUjCYs,fake
1IicR7-Xjt8,videos/dataset_fake/1IicR7-Xjt8.mp4,https://www.youtube.com/watch?v=1IicR7-Xjt8,fake
Gpa5S8DgPzs,videos/dataset_fake/Gpa5S8DgPzs.mp4,https://www.youtube.com/watch?v=Gpa5S8DgPzs,fake
0QwRW148Jys,videos/dataset_fake/0QwRW148Jys.mp4,https://www.youtube.com/watch?v=0QwRW148Jys,fake
s_YFzfeqFfE,videos/dataset_fake/s_YFzfeqFfE.mp4,https://www.youtube.com/watch?v=s_YFzfeqFfE,fake
spn_eTODPg8,videos/dataset_fake/spn_eTODPg8.mp4,https://www.youtube.com/watch?v=spn_eTODPg8,fake
oYNzl4Hzi4M,videos/dataset_fake/oYNzl4Hzi4M.mp4,https://www.youtube.com/watch?v=oYNzl4Hzi4M,fake
FM8yNkWad1w,videos/dataset_fake/FM8yNkWad1w.mp4,https://www.youtube.com/watch?v=FM8yNkWad1w,fake
ecRFKfNy-Ms,videos/dataset_fake/ecRFKfNy-Ms.mp4,https://www.youtube.com/watch?v=ecRFKfNy-Ms,fake
q2b_8XpGte0,videos/dataset_fake/q2b_8XpGte0.mp4,https://www.youtube.com/watch?v=q2b_8XpGte0,fake
an_nNqjNUIo,videos/dataset_fake/an_nNqjNUIo.mp4,https://www.youtube.com/watch?v=an_nNqjNUIo,fake
ol4xMGgAbKE,videos/dataset_fake/ol4xMGgAbKE.mp4,https://www.youtube.com/watch?v=ol4xMGgAbKE,fake
nRCj2DVrboE,videos/dataset_fake/nRCj2DVrboE.mp4,https://www.youtube.com/watch?v=nRCj2DVrboE,fake
sTR_swip9T4,videos/dataset_fake/sTR_swip9T4.mp4,https://www.youtube.com/watch?v=sTR_swip9T4,fake
BWtKk-i0RPk,videos/dataset_fake/BWtKk-i0RPk.mp4,https://www.youtube.com/watch?v=BWtKk-i0RPk,fake
CSVmmPTZoqA,videos/dataset_fake/CSVmmPTZoqA.mp4,https://www.youtube.com/watch?v=CSVmmPTZoqA,fake
SuaJxa3chE0,videos/dataset_fake/SuaJxa3chE0.mp4,https://www.youtube.com/watch?v=SuaJxa3chE0,fake
97kQRYwL3P0,videos/dataset_fake/97kQRYwL3P0.mp4,https://www.youtube.com/watch?v=97kQRYwL3P0,fake
UyeAE_ryCQM,videos/dataset_fake/UyeAE_ryCQM.mp4,https://www.youtube.com/watch?v=UyeAE_ryCQM,fake
HMxtplbrdHg,videos/dataset_fake/HMxtplbrdHg.mp4,https://www.youtube.com/watch?v=HMxtplbrdHg,fake
_nWZKnzwG48,videos/dataset_fake/_nWZKnzwG48.mp4,https://www.youtube.com/watch?v=_nWZKnzwG48,fake
OFiKmNf_Cns,videos/dataset_fake/OFiKmNf_Cns.mp4,https://www.youtube.com/watch?v=OFiKmNf_Cns,fake
DjSipUhjJX8,videos/dataset_fake/DjSipUhjJX8.mp4,https://www.youtube.com/watch?v=DjSipUhjJX8,fake
HZ3jtJ03By4,videos/dataset_fake/HZ3jtJ03By4.mp4,https://www.youtube.com/watch?v=HZ3jtJ03By4,fake
02uWYDj-lcI,videos/dataset_fake/02uWYDj-lcI.mp4,https://www.youtube.com/watch?v=02uWYDj-lcI,fake
7NF3CdXkm68,videos/dataset_fake/7NF3CdXkm68.mp4,https://www.youtube.com/watch?v=7NF3CdXkm68,fake
xfBk0hV9O88,videos/dataset_fake/xfBk0hV9O88.mp4,https://www.youtube.com/watch?v=xfBk0hV9O88,fake
zzPxWXEZZcc,videos/dataset_fake/zzPxWXEZZcc.mp4,https://www.youtube.com/watch?v=zzPxWXEZZcc,fake
MtMRLwnG03Q,videos/dataset_fake/MtMRLwnG03Q.mp4,https://www.youtube.com/watch?v=MtMRLwnG03Q,fake
kW9RqQYGa0Y,videos/dataset_fake/kW9RqQYGa0Y.mp4,https://www.youtube.com/watch?v=kW9RqQYGa0Y,fake
LRqzkKhSN0U,videos/dataset_fake/LRqzkKhSN0U.mp4,https://www.youtube.com/watch?v=LRqzkKhSN0U,fake
Gt1yNJ180Cs,videos/dataset_fake/Gt1yNJ180Cs.mp4,https://www.youtube.com/watch?v=Gt1yNJ180Cs,fake
VtZZghMpC_I,videos/dataset_fake/VtZZghMpC_I.mp4,https://www.youtube.com/watch?v=VtZZghMpC_I,fake
mi9eo6f-6lo,videos/dataset_fake/mi9eo6f-6lo.mp4,https://www.youtube.com/watch?v=mi9eo6f-6lo,fake
lvN1ZQzGUqM,videos/dataset_fake/lvN1ZQzGUqM.mp4,https://www.youtube.com/watch?v=lvN1ZQzGUqM,fake
xEhgxhrAjE4,videos/dataset_fake/xEhgxhrAjE4.mp4,https://www.youtube.com/watch?v=xEhgxhrAjE4,fake
TX4uJ3LChK0,videos/dataset_fake/TX4uJ3LChK0.mp4,https://www.youtube.com/watch?v=TX4uJ3LChK0,fake
szN8qBLdQjc,videos/dataset_fake/szN8qBLdQjc.mp4,https://www.youtube.com/watch?v=szN8qBLdQjc,fake
Le-x_xkNe1c,videos/dataset_fake/Le-x_xkNe1c.mp4,https://www.youtube.com/watch?v=Le-x_xkNe1c,fake
CXOU10WBogs,videos/dataset_fake/CXOU10WBogs.mp4,https://www.youtube.com/watch?v=CXOU10WBogs,fake
pqBymTOlMxI,videos/dataset_fake/pqBymTOlMxI.mp4,https://www.youtube.com/watch?v=pqBymTOlMxI,fake
5zLxoiBdG2U,videos/dataset_fake/5zLxoiBdG2U.mp4,https://www.youtube.com/watch?v=5zLxoiBdG2U,fake
pC8wRC-1PmQ,videos/dataset_fake/pC8wRC-1PmQ.mp4,https://www.youtube.com/watch?v=pC8wRC-1PmQ,fake
F06QKIzcB74,videos/dataset_fake/F06QKIzcB74.mp4,https://www.youtube.com/watch?v=F06QKIzcB74,fake
v2fSHMzgIlM,videos/dataset_fake/v2fSHMzgIlM.mp4,https://www.youtube.com/watch?v=v2fSHMzgIlM,fake
rQJmDWB9Zwk,videos/dataset_fake/rQJmDWB9Zwk.mp4,https://www.youtube.com/watch?v=rQJmDWB9Zwk,fake
Mmi8Eb_81Wc,videos/dataset_fake/Mmi8Eb_81Wc.mp4,https://www.youtube.com/watch?v=Mmi8Eb_81Wc,fake
61n51C7mcRI,videos/dataset_fake/61n51C7mcRI.mp4,https://www.youtube.com/watch?v=61n51C7mcRI,fake
SNPJMk2fgJU,videos/dataset_fake/SNPJMk2fgJU.mp4,https://www.youtube.com/watch?v=SNPJMk2fgJU,fake
5b08s4F-Z0o,videos/dataset_fake/5b08s4F-Z0o.mp4,https://www.youtube.com/watch?v=5b08s4F-Z0o,fake
QZFhXyiLfFM,videos/dataset_fake/QZFhXyiLfFM.mp4,https://www.youtube.com/watch?v=QZFhXyiLfFM,fake
HjZZtWlvR2M,videos/dataset_fake/HjZZtWlvR2M.mp4,https://www.youtube.com/watch?v=HjZZtWlvR2M,fake
zmfEUXAUecE,videos/dataset_fake/zmfEUXAUecE.mp4,https://www.youtube.com/watch?v=zmfEUXAUecE,fake
2u4OKS1liIM,videos/dataset_fake/2u4OKS1liIM.mp4,https://www.youtube.com/watch?v=2u4OKS1liIM,fake
sDIkjYKIsVg,videos/dataset_fake/sDIkjYKIsVg.mp4,https://www.youtube.com/watch?v=sDIkjYKIsVg,fake
6CSq2CuGBD0,videos/dataset_fake/6CSq2CuGBD0.mp4,https://www.youtube.com/watch?v=6CSq2CuGBD0,fake
BgXOUHuHCtM,videos/dataset_fake/BgXOUHuHCtM.mp4,https://www.youtube.com/watch?v=BgXOUHuHCtM,fake
vUnI0J3BYnI,videos/dataset_fake/vUnI0J3BYnI.mp4,https://www.youtube.com/watch?v=vUnI0J3BYnI,fake
TixUHjIVovE,videos/dataset_fake/TixUHjIVovE.mp4,https://www.youtube.com/watch?v=TixUHjIVovE,fake
LJqK5zxSkkI,videos/dataset_fake/LJqK5zxSkkI.mp4,https://www.youtube.com/watch?v=LJqK5zxSkkI,fake
Stnn5ZaZKJk,videos/dataset_fake/Stnn5ZaZKJk.mp4,https://www.youtube.com/watch?v=Stnn5ZaZKJk,fake
pBEkjj9PL5I,videos/dataset_fake/pBEkjj9PL5I.mp4,https://www.youtube.com/watch?v=pBEkjj9PL5I,fake
3wAjpMP5eyo,videos/dataset_fake/3wAjpMP5eyo.mp4,https://www.youtube.com/watch?v=3wAjpMP5eyo,fake
n25APqilDIA,videos/dataset_fake/n25APqilDIA.mp4,https://www.youtube.com/watch?v=n25APqilDIA,fake
aWzJz3rGR6E,videos/dataset_fake/aWzJz3rGR6E.mp4,https://www.youtube.com/watch?v=aWzJz3rGR6E,fake
uRkfzKYFOxc,videos/dataset_fake/uRkfzKYFOxc.mp4,https://www.youtube.com/watch?v=uRkfzKYFOxc,fake
A_WflDki_G8,videos/dataset_fake/A_WflDki_G8.mp4,https://www.youtube.com/watch?v=A_WflDki_G8,fake
qE2VjPL74fE,videos/dataset_fake/qE2VjPL74fE.mp4,https://www.youtube.com/watch?v=qE2VjPL74fE,fake
Pqx-gSiogjM,videos/dataset_fake/Pqx-gSiogjM.mp4,https://www.youtube.com/watch?v=Pqx-gSiogjM,fake
rSUdTAw53Mc,videos/dataset_fake/rSUdTAw53Mc.mp4,https://www.youtube.com/watch?v=rSUdTAw53Mc,fake
YzGzCWydMh0,videos/dataset_fake/YzGzCWydMh0.mp4,https://www.youtube.com/watch?v=YzGzCWydMh0,fake
GhxqIITtTtU,videos/dataset_fake/GhxqIITtTtU.mp4,https://www.youtube.com/watch?v=GhxqIITtTtU,fake
rO-ckkUXH6s,videos/dataset_fake/rO-ckkUXH6s.mp4,https://www.youtube.com/watch?v=rO-ckkUXH6s,fake
QCllgrnk8So,videos/dataset_fake/QCllgrnk8So.mp4,https://www.youtube.com/watch?v=QCllgrnk8So,fake
-m3N_BnVdOI,videos/dataset_fake/-m3N_BnVdOI.mp4,https://www.youtube.com/watch?v=-m3N_BnVdOI,fake
WZCOtnUT0b0,videos/dataset_fake/WZCOtnUT0b0.mp4,https://www.youtube.com/watch?v=WZCOtnUT0b0,fake
b7ho-1dZ_gI,videos/dataset_fake/b7ho-1dZ_gI.mp4,https://www.youtube.com/watch?v=b7ho-1dZ_gI,fake
vyOUX-uB_PQ,videos/dataset_fake/vyOUX-uB_PQ.mp4,https://www.youtube.com/watch?v=vyOUX-uB_PQ,fake
76VYzhs-0FE,videos/dataset_fake/76VYzhs-0FE.mp4,https://www.youtube.com/watch?v=76VYzhs-0FE,fake
V_DSZ38kN8o,videos/dataset_fake/V_DSZ38kN8o.mp4,https://www.youtube.com/watch?v=V_DSZ38kN8o,fake
ezkqpYJq70w,videos/dataset_fake/ezkqpYJq70w.mp4,https://www.youtube.com/watch?v=ezkqpYJq70w,fake
JUduFlGnAKM,videos/dataset_fake/JUduFlGnAKM.mp4,https://www.youtube.com/watch?v=JUduFlGnAKM,fake
2YTntpldkhw,videos/dataset_fake/2YTntpldkhw.mp4,https://www.youtube.com/watch?v=2YTntpldkhw,fake
FpZ_6bxx5v8,videos/dataset_fake/FpZ_6bxx5v8.mp4,https://www.youtube.com/watch?v=FpZ_6bxx5v8,fake
tx3DgeqHO5s,videos/dataset_fake/tx3DgeqHO5s.mp4,https://www.youtube.com/watch?v=tx3DgeqHO5s,fake
MQL61B__OIQ,videos/dataset_fake/MQL61B__OIQ.mp4,https://www.youtube.com/watch?v=MQL61B__OIQ,fake
l7yt-VPYtOA,videos/dataset_fake/l7yt-VPYtOA.mp4,https://www.youtube.com/watch?v=l7yt-VPYtOA,fake
br9b3-cxTPQ,videos/dataset_fake/br9b3-cxTPQ.mp4,https://www.youtube.com/watch?v=br9b3-cxTPQ,fake
9Q0qPTKVTJE,videos/dataset_fake/9Q0qPTKVTJE.mp4,https://www.youtube.com/watch?v=9Q0qPTKVTJE,fake
OLWd5O1O66s,videos/dataset_fake/OLWd5O1O66s.mp4,https://www.youtube.com/watch?v=OLWd5O1O66s,fake
eK0pO79YkvY,videos/dataset_fake/eK0pO79YkvY.mp4,https://www.youtube.com/watch?v=eK0pO79YkvY,fake
ANFKHtqBqjQ,videos/dataset_fake/ANFKHtqBqjQ.mp4,https://www.youtube.com/watch?v=ANFKHtqBqjQ,fake
AkegnIRF_S4,videos/dataset_fake/AkegnIRF_S4.mp4,https://www.youtube.com/watch?v=AkegnIRF_S4,fake
OoAl0r5Xgkc,videos/dataset_fake/OoAl0r5Xgkc.mp4,https://www.youtube.com/watch?v=OoAl0r5Xgkc,fake
PtWNknwUCE8,videos/dataset_fake/PtWNknwUCE8.mp4,https://www.youtube.com/watch?v=PtWNknwUCE8,fake
0of6v17e1kU,videos/dataset_fake/0of6v17e1kU.mp4,https://www.youtube.com/watch?v=0of6v17e1kU,fake
6Adcl7nXWuU,videos/dataset_fake/6Adcl7nXWuU.mp4,https://www.youtube.com/watch?v=6Adcl7nXWuU,fake
XwmHoWfwHiw,videos/dataset_fake/XwmHoWfwHiw.mp4,https://www.youtube.com/watch?v=XwmHoWfwHiw,fake
_qQwSVzYNpA,videos/dataset_fake/_qQwSVzYNpA.mp4,https://www.youtube.com/watch?v=_qQwSVzYNpA,fake
F4jjR4vkwkM,videos/dataset_fake/F4jjR4vkwkM.mp4,https://www.youtube.com/watch?v=F4jjR4vkwkM,fake
8_imQQdav-Q,videos/dataset_fake/8_imQQdav-Q.mp4,https://www.youtube.com/watch?v=8_imQQdav-Q,fake
cPoqndR5urM,videos/dataset_fake/cPoqndR5urM.mp4,https://www.youtube.com/watch?v=cPoqndR5urM,fake
wZQlkoCzWao,videos/dataset_fake/wZQlkoCzWao.mp4,https://www.youtube.com/watch?v=wZQlkoCzWao,fake
e-WJOHfwpEM,videos/dataset_fake/e-WJOHfwpEM.mp4,https://www.youtube.com/watch?v=e-WJOHfwpEM,fake
YvuEKrJhjos,videos/dataset_fake/YvuEKrJhjos.mp4,https://www.youtube.com/watch?v=YvuEKrJhjos,fake
9HzdNhOe09I,videos/dataset_fake/9HzdNhOe09I.mp4,https://www.youtube.com/watch?v=9HzdNhOe09I,fake
B_RfJ1B5wME,videos/dataset_fake/B_RfJ1B5wME.mp4,https://www.youtube.com/watch?v=B_RfJ1B5wME,fake
bsrXd0loJFM,videos/dataset_fake/bsrXd0loJFM.mp4,https://www.youtube.com/watch?v=bsrXd0loJFM,fake
Mhk-otOlo1c,videos/dataset_fake/Mhk-otOlo1c.mp4,https://www.youtube.com/watch?v=Mhk-otOlo1c,fake
Mh2y2Z6Iy0U,videos/dataset_fake/Mh2y2Z6Iy0U.mp4,https://www.youtube.com/watch?v=Mh2y2Z6Iy0U,fake
AEPvSo8bE2I,videos/dataset_fake/AEPvSo8bE2I.mp4,https://www.youtube.com/watch?v=AEPvSo8bE2I,fake
FbyycbrwM2M,videos/dataset_fake/FbyycbrwM2M.mp4,https://www.youtube.com/watch?v=FbyycbrwM2M,fake
WsEP6woIeXM,videos/dataset_fake/WsEP6woIeXM.mp4,https://www.youtube.com/watch?v=WsEP6woIeXM,fake
7Ga0H4Tr3Fg,videos/dataset_fake/7Ga0H4Tr3Fg.mp4,https://www.youtube.com/watch?v=7Ga0H4Tr3Fg,fake
50xfKpsIBcM,videos/dataset_fake/50xfKpsIBcM.mp4,https://www.youtube.com/watch?v=50xfKpsIBcM,fake
DFBZ8KEqVXw,videos/dataset_fake/DFBZ8KEqVXw.mp4,https://www.youtube.com/watch?v=DFBZ8KEqVXw,fake
rW3zK52scJM,videos/dataset_fake/rW3zK52scJM.mp4,https://www.youtube.com/watch?v=rW3zK52scJM,fake
CK7Qyt1U59o,videos/dataset_fake/CK7Qyt1U59o.mp4,https://www.youtube.com/watch?v=CK7Qyt1U59o,fake
_WjU5d26Cc4,videos/dataset_fake/_WjU5d26Cc4.mp4,https://www.youtube.com/watch?v=_WjU5d26Cc4,fake
P3alkDsoHNc,videos/dataset_fake/P3alkDsoHNc.mp4,https://www.youtube.com/watch?v=P3alkDsoHNc,fake
dapcphnRROM,videos/dataset_fake/dapcphnRROM.mp4,https://www.youtube.com/watch?v=dapcphnRROM,fake
ST6X0Ra7zOQ,videos/dataset_fake/ST6X0Ra7zOQ.mp4,https://www.youtube.com/watch?v=ST6X0Ra7zOQ,fake
9_ypA131CPc,videos/dataset_fake/9_ypA131CPc.mp4,https://www.youtube.com/watch?v=9_ypA131CPc,fake
T0eWBlFhFzc,videos/dataset_fake/T0eWBlFhFzc.mp4,https://www.youtube.com/watch?v=T0eWBlFhFzc,fake
fSbssO2DR7A,videos/dataset_fake/fSbssO2DR7A.mp4,https://www.youtube.com/watch?v=fSbssO2DR7A,fake
q71d1Fed_os,videos/dataset_fake/q71d1Fed_os.mp4,https://www.youtube.com/watch?v=q71d1Fed_os,fake
T3k6_MMuMqw,videos/dataset_fake/T3k6_MMuMqw.mp4,https://www.youtube.com/watch?v=T3k6_MMuMqw,fake
Z0P6qjMUl34,videos/dataset_fake/Z0P6qjMUl34.mp4,https://www.youtube.com/watch?v=Z0P6qjMUl34,fake
W8SK0rk5jdE,videos/dataset_fake/W8SK0rk5jdE.mp4,https://www.youtube.com/watch?v=W8SK0rk5jdE,fake
f8s65xJdQkY,videos/dataset_fake/f8s65xJdQkY.mp4,https://www.youtube.com/watch?v=f8s65xJdQkY,fake
QCfKBO5jgco,videos/dataset_fake/QCfKBO5jgco.mp4,https://www.youtube.com/watch?v=QCfKBO5jgco,fake
tj3l1BGkRJI,videos/dataset_fake/tj3l1BGkRJI.mp4,https://www.youtube.com/watch?v=tj3l1BGkRJI,fake
IyLQyob8W-w,videos/dataset_fake/IyLQyob8W-w.mp4,https://www.youtube.com/watch?v=IyLQyob8W-w,fake
EEvewoxv0TA,videos/dataset_fake/EEvewoxv0TA.mp4,https://www.youtube.com/watch?v=EEvewoxv0TA,fake
g7WjrvG1GMk,videos/dataset_fake/g7WjrvG1GMk.mp4,https://www.youtube.com/watch?v=g7WjrvG1GMk,fake
c8IBmK7GZP8,videos/dataset_fake/c8IBmK7GZP8.mp4,https://www.youtube.com/watch?v=c8IBmK7GZP8,fake
7vBfckPXJNs,videos/dataset_fake/7vBfckPXJNs.mp4,https://www.youtube.com/watch?v=7vBfckPXJNs,fake
Vx-1LQu6mAE,videos/dataset_fake/Vx-1LQu6mAE.mp4,https://www.youtube.com/watch?v=Vx-1LQu6mAE,fake
erNSx-wOuPs,videos/dataset_fake/erNSx-wOuPs.mp4,https://www.youtube.com/watch?v=erNSx-wOuPs,fake
Py1I96F_R4Q,videos/dataset_fake/Py1I96F_R4Q.mp4,https://www.youtube.com/watch?v=Py1I96F_R4Q,fake
n6e_OOA8qrU,videos/dataset_fake/n6e_OOA8qrU.mp4,https://www.youtube.com/watch?v=n6e_OOA8qrU,fake
llJWNNU9EEA,videos/dataset_fake/llJWNNU9EEA.mp4,https://www.youtube.com/watch?v=llJWNNU9EEA,fake
yKJ0Nv6yEIU,videos/dataset_fake/yKJ0Nv6yEIU.mp4,https://www.youtube.com/watch?v=yKJ0Nv6yEIU,fake
BIWeEFV59d4,videos/dataset_fake/BIWeEFV59d4.mp4,https://www.youtube.com/watch?v=BIWeEFV59d4,fake
JmTTY5s8H7A,videos/dataset_fake/JmTTY5s8H7A.mp4,https://www.youtube.com/watch?v=JmTTY5s8H7A,fake
0NVUSOm8Mps,videos/dataset_fake/0NVUSOm8Mps.mp4,https://www.youtube.com/watch?v=0NVUSOm8Mps,fake
VBa4D9D6Gng,videos/dataset_fake/VBa4D9D6Gng.mp4,https://www.youtube.com/watch?v=VBa4D9D6Gng,fake
1bS7sHyfi58,videos/dataset_fake/1bS7sHyfi58.mp4,https://www.youtube.com/watch?v=1bS7sHyfi58,fake
K2TSx7lyzaE,videos/dataset_fake/K2TSx7lyzaE.mp4,https://www.youtube.com/watch?v=K2TSx7lyzaE,fake
Fdt12PoWu1Y,videos/dataset_fake/Fdt12PoWu1Y.mp4,https://www.youtube.com/watch?v=Fdt12PoWu1Y,fake
FyC5ZAMWDi4,videos/dataset_fake/FyC5ZAMWDi4.mp4,https://www.youtube.com/watch?v=FyC5ZAMWDi4,fake
wOgJQ6Lcsds,videos/dataset_fake/wOgJQ6Lcsds.mp4,https://www.youtube.com/watch?v=wOgJQ6Lcsds,fake
I1_iXwa-7dA,videos/dataset_fake/I1_iXwa-7dA.mp4,https://www.youtube.com/watch?v=I1_iXwa-7dA,fake
_CdJ4oae8f4,videos/dataset_fake/_CdJ4oae8f4.mp4,https://www.youtube.com/watch?v=_CdJ4oae8f4,fake
-DdIMnVJrew,videos/dataset_fake/-DdIMnVJrew.mp4,https://www.youtube.com/watch?v=-DdIMnVJrew,fake
6411gQdfQwg,videos/dataset_fake/6411gQdfQwg.mp4,https://www.youtube.com/watch?v=6411gQdfQwg,fake
5tqH-Un9SFU,videos/dataset_fake/5tqH-Un9SFU.mp4,https://www.youtube.com/watch?v=5tqH-Un9SFU,fake
m6aaQoPv5r8,videos/dataset_fake/m6aaQoPv5r8.mp4,https://www.youtube.com/watch?v=m6aaQoPv5r8,fake
cg7k-7QThqU,videos/dataset_fake/cg7k-7QThqU.mp4,https://www.youtube.com/watch?v=cg7k-7QThqU,fake
TzIKbjuSy2A,videos/dataset_fake/TzIKbjuSy2A.mp4,https://www.youtube.com/watch?v=TzIKbjuSy2A,fake
NlMw4EwkSE0,videos/dataset_fake/NlMw4EwkSE0.mp4,https://www.youtube.com/watch?v=NlMw4EwkSE0,fake
KQ1nXVT8iJM,videos/dataset_fake/KQ1nXVT8iJM.mp4,https://www.youtube.com/watch?v=KQ1nXVT8iJM,fake
Ka5VcfiAGQc,videos/dataset_fake/Ka5VcfiAGQc.mp4,https://www.youtube.com/watch?v=Ka5VcfiAGQc,fake
xb1Vj5P3hJY,videos/dataset_fake/xb1Vj5P3hJY.mp4,https://www.youtube.com/watch?v=xb1Vj5P3hJY,fake
Yg0tVLnzr0A,videos/dataset_fake/Yg0tVLnzr0A.mp4,https://www.youtube.com/watch?v=Yg0tVLnzr0A,fake
Ab9gJv-lrOw,videos/dataset_fake/Ab9gJv-lrOw.mp4,https://www.youtube.com/watch?v=Ab9gJv-lrOw,fake
PXEbEbNpNLk,videos/dataset_fake/PXEbEbNpNLk.mp4,https://www.youtube.com/watch?v=PXEbEbNpNLk,fake
0buDtZKLDJ8,videos/dataset_fake/0buDtZKLDJ8.mp4,https://www.youtube.com/watch?v=0buDtZKLDJ8,fake
ka_Qe6p75Wk,videos/dataset_fake/ka_Qe6p75Wk.mp4,https://www.youtube.com/watch?v=ka_Qe6p75Wk,fake
lgsD_wSZ0hI,videos/dataset_fake/lgsD_wSZ0hI.mp4,https://www.youtube.com/watch?v=lgsD_wSZ0hI,fake
wE3jLUf4s9g,videos/dataset_fake/wE3jLUf4s9g.mp4,https://www.youtube.com/watch?v=wE3jLUf4s9g,fake
Y2JJylfbuKM,videos/dataset_fake/Y2JJylfbuKM.mp4,https://www.youtube.com/watch?v=Y2JJylfbuKM,fake
2ky50XT0Nb0,videos/dataset_fake/2ky50XT0Nb0.mp4,https://www.youtube.com/watch?v=2ky50XT0Nb0,fake
R9VXXKTG7JE,videos/dataset_fake/R9VXXKTG7JE.mp4,https://www.youtube.com/watch?v=R9VXXKTG7JE,fake
BcZfUh8TOT4,videos/dataset_fake/BcZfUh8TOT4.mp4,https://www.youtube.com/watch?v=BcZfUh8TOT4,fake
QDoEtZD29f4,videos/dataset_fake/QDoEtZD29f4.mp4,https://www.youtube.com/watch?v=QDoEtZD29f4,fake
n-oJCiGCQ9c,videos/dataset_fake/n-oJCiGCQ9c.mp4,https://www.youtube.com/watch?v=n-oJCiGCQ9c,fake
oKx2xQQl--Q,videos/dataset_fake/oKx2xQQl--Q.mp4,https://www.youtube.com/watch?v=oKx2xQQl--Q,fake
iBuTs1qg2lQ,videos/dataset_fake/iBuTs1qg2lQ.mp4,https://www.youtube.com/watch?v=iBuTs1qg2lQ,fake
hUVfAVjsfL4,videos/dataset_fake/hUVfAVjsfL4.mp4,https://www.youtube.com/watch?v=hUVfAVjsfL4,fake
IjsuccU0dQE,videos/dataset_fake/IjsuccU0dQE.mp4,https://www.youtube.com/watch?v=IjsuccU0dQE,fake
greS_-1vA_0,videos/dataset_fake/greS_-1vA_0.mp4,https://www.youtube.com/watch?v=greS_-1vA_0,fake
JW8PHlFD7HM,videos/dataset_fake/JW8PHlFD7HM.mp4,https://www.youtube.com/watch?v=JW8PHlFD7HM,fake
gQPDleluVz8,videos/dataset_fake/gQPDleluVz8.mp4,https://www.youtube.com/watch?v=gQPDleluVz8,fake
M8s_cS-aH5w,videos/dataset_fake/M8s_cS-aH5w.mp4,https://www.youtube.com/watch?v=M8s_cS-aH5w,fake
Be2u87_xZho,videos/dataset_fake/Be2u87_xZho.mp4,https://www.youtube.com/watch?v=Be2u87_xZho,fake
V1Zu47o_rcQ,videos/dataset_fake/V1Zu47o_rcQ.mp4,https://www.youtube.com/watch?v=V1Zu47o_rcQ,fake
C_TBE1aPHzg,videos/dataset_fake/C_TBE1aPHzg.mp4,https://www.youtube.com/watch?v=C_TBE1aPHzg,fake
9K-cuTWv8Is,videos/dataset_fake/9K-cuTWv8Is.mp4,https://www.youtube.com/watch?v=9K-cuTWv8Is,fake
CE0Q904gtMI,videos/dataset_fake/CE0Q904gtMI.mp4,https://www.youtube.com/watch?v=CE0Q904gtMI,fake
9HdQhByZoUE,videos/dataset_fake/9HdQhByZoUE.mp4,https://www.youtube.com/watch?v=9HdQhByZoUE,fake
XY0lIHAFWhg,videos/dataset_fake/XY0lIHAFWhg.mp4,https://www.youtube.com/watch?v=XY0lIHAFWhg,fake
nHBgc_oNfQw,videos/dataset_fake/nHBgc_oNfQw.mp4,https://www.youtube.com/watch?v=nHBgc_oNfQw,fake
YersIyzsOpc,videos/dataset_fake/YersIyzsOpc.mp4,https://www.youtube.com/watch?v=YersIyzsOpc,fake
JHOBhgjc1Jc,videos/dataset_fake/JHOBhgjc1Jc.mp4,https://www.youtube.com/watch?v=JHOBhgjc1Jc,fake
Toh7EKvo08s,videos/dataset_fake/Toh7EKvo08s.mp4,https://www.youtube.com/watch?v=Toh7EKvo08s,fake
Lb2qPqoG4LE,videos/dataset_fake/Lb2qPqoG4LE.mp4,https://www.youtube.com/watch?v=Lb2qPqoG4LE,fake
IeGqkWIQtaY,videos/dataset_fake/IeGqkWIQtaY.mp4,https://www.youtube.com/watch?v=IeGqkWIQtaY,fake
4bFDPVe6BHs,videos/dataset_fake/4bFDPVe6BHs.mp4,https://www.youtube.com/watch?v=4bFDPVe6BHs,fake
yWMJ6gNjRkY,videos/dataset_fake/yWMJ6gNjRkY.mp4,https://www.youtube.com/watch?v=yWMJ6gNjRkY,fake
ENGKp5wn344,videos/dataset_fake/ENGKp5wn344.mp4,https://www.youtube.com/watch?v=ENGKp5wn344,fake
JYI1srodjeg,videos/dataset_fake/JYI1srodjeg.mp4,https://www.youtube.com/watch?v=JYI1srodjeg,fake
pjp5gCS2c3c,videos/dataset_fake/pjp5gCS2c3c.mp4,https://www.youtube.com/watch?v=pjp5gCS2c3c,fake
5T9oMubPbcI,videos/dataset_fake/5T9oMubPbcI.mp4,https://www.youtube.com/watch?v=5T9oMubPbcI,fake
4X5T2eeG7iw,videos/dataset_fake/4X5T2eeG7iw.mp4,https://www.youtube.com/watch?v=4X5T2eeG7iw,fake
2cH4zBoBnLE,videos/dataset_fake/2cH4zBoBnLE.mp4,https://www.youtube.com/watch?v=2cH4zBoBnLE,fake
3VW10efCA1Q,videos/dataset_fake/3VW10efCA1Q.mp4,https://www.youtube.com/watch?v=3VW10efCA1Q,fake
gT98Kq-PV8M,videos/dataset_fake/gT98Kq-PV8M.mp4,https://www.youtube.com/watch?v=gT98Kq-PV8M,fake
Or2RbrbpNR8,videos/dataset_fake/Or2RbrbpNR8.mp4,https://www.youtube.com/watch?v=Or2RbrbpNR8,fake
G950hvMghu0,videos/dataset_fake/G950hvMghu0.mp4,https://www.youtube.com/watch?v=G950hvMghu0,fake
wq8BgIfOxnk,videos/dataset_fake/wq8BgIfOxnk.mp4,https://www.youtube.com/watch?v=wq8BgIfOxnk,fake
ai72aAA0dWo,videos/dataset_fake/ai72aAA0dWo.mp4,https://www.youtube.com/watch?v=ai72aAA0dWo,fake
7EA5JM1DI9Y,videos/dataset_fake/7EA5JM1DI9Y.mp4,https://www.youtube.com/watch?v=7EA5JM1DI9Y,fake
tIBJqmPsBg4,videos/dataset_fake/tIBJqmPsBg4.mp4,https://www.youtube.com/watch?v=tIBJqmPsBg4,fake
ZE0JZYgiaGc,videos/dataset_fake/ZE0JZYgiaGc.mp4,https://www.youtube.com/watch?v=ZE0JZYgiaGc,fake
COSpqsDjiiw,videos/dataset_fake/COSpqsDjiiw.mp4,https://www.youtube.com/watch?v=COSpqsDjiiw,fake
bAk-ZAoRoTA,videos/dataset_fake/bAk-ZAoRoTA.mp4,https://www.youtube.com/watch?v=bAk-ZAoRoTA,fake
w7x_lWJNnNg,videos/dataset_fake/w7x_lWJNnNg.mp4,https://www.youtube.com/watch?v=w7x_lWJNnNg,fake
jdh2rXjwFaY,videos/dataset_fake/jdh2rXjwFaY.mp4,https://www.youtube.com/watch?v=jdh2rXjwFaY,fake
KUHx-2uz_qI,videos/dataset_fake/KUHx-2uz_qI.mp4,https://www.youtube.com/watch?v=KUHx-2uz_qI,fake
3zBDkYiupvc,videos/dataset_fake/3zBDkYiupvc.mp4,https://www.youtube.com/watch?v=3zBDkYiupvc,fake
jSrywwIiOwI,videos/dataset_fake/jSrywwIiOwI.mp4,https://www.youtube.com/watch?v=jSrywwIiOwI,fake
kNTyQqZou8w,videos/dataset_fake/kNTyQqZou8w.mp4,https://www.youtube.com/watch?v=kNTyQqZou8w,fake
j8tssDT73Yc,videos/dataset_fake/j8tssDT73Yc.mp4,https://www.youtube.com/watch?v=j8tssDT73Yc,fake
FPfPNwhB7Ec,videos/dataset_fake/FPfPNwhB7Ec.mp4,https://www.youtube.com/watch?v=FPfPNwhB7Ec,fake
NOW7jjBbkb4,videos/dataset_real/NOW7jjBbkb4.mp4,https://www.youtube.com/watch?v=NOW7jjBbkb4,real
mcoiOY3ZOVo,videos/dataset_real/mcoiOY3ZOVo.mp4,https://www.youtube.com/watch?v=mcoiOY3ZOVo,real
_Oc_wMDA1MQ,videos/dataset_real/_Oc_wMDA1MQ.mp4,https://www.youtube.com/watch?v=_Oc_wMDA1MQ,real
XTOEXAGB4UY,videos/dataset_real/XTOEXAGB4UY.mp4,https://www.youtube.com/watch?v=XTOEXAGB4UY,real
3tz2BUuzTmE,videos/dataset_real/3tz2BUuzTmE.mp4,https://www.youtube.com/watch?v=3tz2BUuzTmE,real
S6-GkIzzzFg,videos/dataset_real/S6-GkIzzzFg.mp4,https://www.youtube.com/watch?v=S6-GkIzzzFg,real
UoMDjmLGA1I,videos/dataset_real/UoMDjmLGA1I.mp4,https://www.youtube.com/watch?v=UoMDjmLGA1I,real
3913fIgBFhs,videos/dataset_real/3913fIgBFhs.mp4,https://www.youtube.com/watch?v=3913fIgBFhs,real
TNR2XD9WXhM,videos/dataset_real/TNR2XD9WXhM.mp4,https://www.youtube.com/watch?v=TNR2XD9WXhM,real
DxFZ3ojl9yo,videos/dataset_real/DxFZ3ojl9yo.mp4,https://www.youtube.com/watch?v=DxFZ3ojl9yo,real
VtTLUnH5vps,videos/dataset_real/VtTLUnH5vps.mp4,https://www.youtube.com/watch?v=VtTLUnH5vps,real
JGy6DzTExf0,videos/dataset_real/JGy6DzTExf0.mp4,https://www.youtube.com/watch?v=JGy6DzTExf0,real
6cJViq5lGBw,videos/dataset_real/6cJViq5lGBw.mp4,https://www.youtube.com/watch?v=6cJViq5lGBw,real
OtSwoGuz8sk,videos/dataset_real/OtSwoGuz8sk.mp4,https://www.youtube.com/watch?v=OtSwoGuz8sk,real
Ew59SKy181Y,videos/dataset_real/Ew59SKy181Y.mp4,https://www.youtube.com/watch?v=Ew59SKy181Y,real
PfqCJJcOX8U,videos/dataset_real/PfqCJJcOX8U.mp4,https://www.youtube.com/watch?v=PfqCJJcOX8U,real
Qc1HgX-YA1E,videos/dataset_real/Qc1HgX-YA1E.mp4,https://www.youtube.com/watch?v=Qc1HgX-YA1E,real
SCT3e0WsrLI,videos/dataset_real/SCT3e0WsrLI.mp4,https://www.youtube.com/watch?v=SCT3e0WsrLI,real
6IuFoxpPNAM,videos/dataset_real/6IuFoxpPNAM.mp4,https://www.youtube.com/watch?v=6IuFoxpPNAM,real
frq1MfPQn50,videos/dataset_real/frq1MfPQn50.mp4,https://www.youtube.com/watch?v=frq1MfPQn50,real
EGM-b1bhqkY,videos/dataset_real/EGM-b1bhqkY.mp4,https://www.youtube.com/watch?v=EGM-b1bhqkY,real
9MuMsxEAMgo,videos/dataset_real/9MuMsxEAMgo.mp4,https://www.youtube.com/watch?v=9MuMsxEAMgo,real
BZflSdA4Q44,videos/dataset_real/BZflSdA4Q44.mp4,https://www.youtube.com/watch?v=BZflSdA4Q44,real
7PgSanU_VpQ,videos/dataset_real/7PgSanU_VpQ.mp4,https://www.youtube.com/watch?v=7PgSanU_VpQ,real
hn3vHUpIyhE,videos/dataset_real/hn3vHUpIyhE.mp4,https://www.youtube.com/watch?v=hn3vHUpIyhE,real
sb34MfJjurc,videos/dataset_real/sb34MfJjurc.mp4,https://www.youtube.com/watch?v=sb34MfJjurc,real
1o7znNK19Pk,videos/dataset_real/1o7znNK19Pk.mp4,https://www.youtube.com/watch?v=1o7znNK19Pk,real
eSiSWPnHpG4,videos/dataset_real/eSiSWPnHpG4.mp4,https://www.youtube.com/watch?v=eSiSWPnHpG4,real
Uc7vQ8uacVg,videos/dataset_real/Uc7vQ8uacVg.mp4,https://www.youtube.com/watch?v=Uc7vQ8uacVg,real
dJIw-hljICY,videos/dataset_real/dJIw-hljICY.mp4,https://www.youtube.com/watch?v=dJIw-hljICY,real
ESkB4_8YClI,videos/dataset_real/ESkB4_8YClI.mp4,https://www.youtube.com/watch?v=ESkB4_8YClI,real
sYj09lx15ik,videos/dataset_real/sYj09lx15ik.mp4,https://www.youtube.com/watch?v=sYj09lx15ik,real
0KMeeeZOszA,videos/dataset_real/0KMeeeZOszA.mp4,https://www.youtube.com/watch?v=0KMeeeZOszA,real
EQurBp0CMtE,videos/dataset_real/EQurBp0CMtE.mp4,https://www.youtube.com/watch?v=EQurBp0CMtE,real
p0IpMqUZKbs,videos/dataset_real/p0IpMqUZKbs.mp4,https://www.youtube.com/watch?v=p0IpMqUZKbs,real
5RBcIPuKDUc,videos/dataset_real/5RBcIPuKDUc.mp4,https://www.youtube.com/watch?v=5RBcIPuKDUc,real
PrZ56-47TWg,videos/dataset_real/PrZ56-47TWg.mp4,https://www.youtube.com/watch?v=PrZ56-47TWg,real
Wl8rnaj73ys,videos/dataset_real/Wl8rnaj73ys.mp4,https://www.youtube.com/watch?v=Wl8rnaj73ys,real
F2MxfG8IIgI,videos/dataset_real/F2MxfG8IIgI.mp4,https://www.youtube.com/watch?v=F2MxfG8IIgI,real
GZKU7TgR6IU,videos/dataset_real/GZKU7TgR6IU.mp4,https://www.youtube.com/watch?v=GZKU7TgR6IU,real
Tb_3Vtlziuk,videos/dataset_real/Tb_3Vtlziuk.mp4,https://www.youtube.com/watch?v=Tb_3Vtlziuk,real
5GVqOpLDA8c,videos/dataset_real/5GVqOpLDA8c.mp4,https://www.youtube.com/watch?v=5GVqOpLDA8c,real
RXn1g0xtUMk,videos/dataset_real/RXn1g0xtUMk.mp4,https://www.youtube.com/watch?v=RXn1g0xtUMk,real
hr-NaxerMqg,videos/dataset_real/hr-NaxerMqg.mp4,https://www.youtube.com/watch?v=hr-NaxerMqg,real
94N9MLRulX8,videos/dataset_real/94N9MLRulX8.mp4,https://www.youtube.com/watch?v=94N9MLRulX8,real
55yvGkMTKSg,videos/dataset_real/55yvGkMTKSg.mp4,https://www.youtube.com/watch?v=55yvGkMTKSg,real
W2Z2g0x8GWA,videos/dataset_real/W2Z2g0x8GWA.mp4,https://www.youtube.com/watch?v=W2Z2g0x8GWA,real
PUqtu1kIfKU,videos/dataset_real/PUqtu1kIfKU.mp4,https://www.youtube.com/watch?v=PUqtu1kIfKU,real
moZMjD3imN8,videos/dataset_real/moZMjD3imN8.mp4,https://www.youtube.com/watch?v=moZMjD3imN8,real
4X3MoZZWLA8,videos/dataset_real/4X3MoZZWLA8.mp4,https://www.youtube.com/watch?v=4X3MoZZWLA8,real
hvAigEXWSYM,videos/dataset_real/hvAigEXWSYM.mp4,https://www.youtube.com/watch?v=hvAigEXWSYM,real
fmrxFcTTv-c,videos/dataset_real/fmrxFcTTv-c.mp4,https://www.youtube.com/watch?v=fmrxFcTTv-c,real
CSrswEQxtnA,videos/dataset_real/CSrswEQxtnA.mp4,https://www.youtube.com/watch?v=CSrswEQxtnA,real
bGhSZLdGFEQ,videos/dataset_real/bGhSZLdGFEQ.mp4,https://www.youtube.com/watch?v=bGhSZLdGFEQ,real
cv0hHeEHlbo,videos/dataset_real/cv0hHeEHlbo.mp4,https://www.youtube.com/watch?v=cv0hHeEHlbo,real
T9BNSjPxeIs,videos/dataset_real/T9BNSjPxeIs.mp4,https://www.youtube.com/watch?v=T9BNSjPxeIs,real
YQRt9TfpetM,videos/dataset_real/YQRt9TfpetM.mp4,https://www.youtube.com/watch?v=YQRt9TfpetM,real
xwZYQx_Xubs,videos/dataset_real/xwZYQx_Xubs.mp4,https://www.youtube.com/watch?v=xwZYQx_Xubs,real
roniU1iEZJs,videos/dataset_real/roniU1iEZJs.mp4,https://www.youtube.com/watch?v=roniU1iEZJs,real
j4lVxK8R39g,videos/dataset_real/j4lVxK8R39g.mp4,https://www.youtube.com/watch?v=j4lVxK8R39g,real
Jik3F9zUXgo,videos/dataset_real/Jik3F9zUXgo.mp4,https://www.youtube.com/watch?v=Jik3F9zUXgo,real
271mWThTjd8,videos/dataset_real/271mWThTjd8.mp4,https://www.youtube.com/watch?v=271mWThTjd8,real
A4N73DY-NX4,videos/dataset_real/A4N73DY-NX4.mp4,https://www.youtube.com/watch?v=A4N73DY-NX4,real
iT1isKg52So,videos/dataset_real/iT1isKg52So.mp4,https://www.youtube.com/watch?v=iT1isKg52So,real
j50DAVSH23c,videos/dataset_real/j50DAVSH23c.mp4,https://www.youtube.com/watch?v=j50DAVSH23c,real
BBnn7hrrj2Y,videos/dataset_real/BBnn7hrrj2Y.mp4,https://www.youtube.com/watch?v=BBnn7hrrj2Y,real
_1gluMtaUmg,videos/dataset_real/_1gluMtaUmg.mp4,https://www.youtube.com/watch?v=_1gluMtaUmg,real
oBP07G7PL-k,videos/dataset_real/oBP07G7PL-k.mp4,https://www.youtube.com/watch?v=oBP07G7PL-k,real
2ZfgCHusV9w,videos/dataset_real/2ZfgCHusV9w.mp4,https://www.youtube.com/watch?v=2ZfgCHusV9w,real
ufwp9r1C80c,videos/dataset_real/ufwp9r1C80c.mp4,https://www.youtube.com/watch?v=ufwp9r1C80c,real
-R0fPJQr0qo,videos/dataset_real/-R0fPJQr0qo.mp4,https://www.youtube.com/watch?v=-R0fPJQr0qo,real
Pj5jM6MANUo,videos/dataset_real/Pj5jM6MANUo.mp4,https://www.youtube.com/watch?v=Pj5jM6MANUo,real
aWpFxEmtIDA,videos/dataset_real/aWpFxEmtIDA.mp4,https://www.youtube.com/watch?v=aWpFxEmtIDA,real
ihQ1-LQOkns,videos/dataset_real/ihQ1-LQOkns.mp4,https://www.youtube.com/watch?v=ihQ1-LQOkns,real
1C0OclnjTQg,videos/dataset_real/1C0OclnjTQg.mp4,https://www.youtube.com/watch?v=1C0OclnjTQg,real
pWRlDIBoQW4,videos/dataset_real/pWRlDIBoQW4.mp4,https://www.youtube.com/watch?v=pWRlDIBoQW4,real
7_UpeLJfapE,videos/dataset_real/7_UpeLJfapE.mp4,https://www.youtube.com/watch?v=7_UpeLJfapE,real
Hu-jDPctDn0,videos/dataset_real/Hu-jDPctDn0.mp4,https://www.youtube.com/watch?v=Hu-jDPctDn0,real
YQRVvpytYic,videos/dataset_real/YQRVvpytYic.mp4,https://www.youtube.com/watch?v=YQRVvpytYic,real
0wGIl2KDJrQ,videos/dataset_real/0wGIl2KDJrQ.mp4,https://www.youtube.com/watch?v=0wGIl2KDJrQ,real
h3M00JI8Iwo,videos/dataset_real/h3M00JI8Iwo.mp4,https://www.youtube.com/watch?v=h3M00JI8Iwo,real
OBFX4EuAWHc,videos/dataset_real/OBFX4EuAWHc.mp4,https://www.youtube.com/watch?v=OBFX4EuAWHc,real
C1TqBmezv20,videos/dataset_real/C1TqBmezv20.mp4,https://www.youtube.com/watch?v=C1TqBmezv20,real
ACC5KCPRt_U,videos/dataset_real/ACC5KCPRt_U.mp4,https://www.youtube.com/watch?v=ACC5KCPRt_U,real
FjPSeB-brrM,videos/dataset_real/FjPSeB-brrM.mp4,https://www.youtube.com/watch?v=FjPSeB-brrM,real
In9Pqm9YlIo,videos/dataset_real/In9Pqm9YlIo.mp4,https://www.youtube.com/watch?v=In9Pqm9YlIo,real
FsIhfMKg4-Q,videos/dataset_real/FsIhfMKg4-Q.mp4,https://www.youtube.com/watch?v=FsIhfMKg4-Q,real
t9kfJUQnawU,videos/dataset_real/t9kfJUQnawU.mp4,https://www.youtube.com/watch?v=t9kfJUQnawU,real
4NiGeXo8dok,videos/dataset_real/4NiGeXo8dok.mp4,https://www.youtube.com/watch?v=4NiGeXo8dok,real
2rVvvu7aMQQ,videos/dataset_real/2rVvvu7aMQQ.mp4,https://www.youtube.com/watch?v=2rVvvu7aMQQ,real
yqywl-ArSHc,videos/dataset_real/yqywl-ArSHc.mp4,https://www.youtube.com/watch?v=yqywl-ArSHc,real
YbWmluPH6UI,videos/dataset_real/YbWmluPH6UI.mp4,https://www.youtube.com/watch?v=YbWmluPH6UI,real
wR4QAS9rB7E,videos/dataset_real/wR4QAS9rB7E.mp4,https://www.youtube.com/watch?v=wR4QAS9rB7E,real
gN07gbipMoY,videos/dataset_real/gN07gbipMoY.mp4,https://www.youtube.com/watch?v=gN07gbipMoY,real
YOryOy1qL00,videos/dataset_real/YOryOy1qL00.mp4,https://www.youtube.com/watch?v=YOryOy1qL00,real
FG0dYhiTGLI,videos/dataset_real/FG0dYhiTGLI.mp4,https://www.youtube.com/watch?v=FG0dYhiTGLI,real
n6VzKtEKs3o,videos/dataset_real/n6VzKtEKs3o.mp4,https://www.youtube.com/watch?v=n6VzKtEKs3o,real
8hj5exFj3Bk,videos/dataset_real/8hj5exFj3Bk.mp4,https://www.youtube.com/watch?v=8hj5exFj3Bk,real
MTKKmm2peCs,videos/dataset_real/MTKKmm2peCs.mp4,https://www.youtube.com/watch?v=MTKKmm2peCs,real
j0WGFTfrr1k,videos/dataset_real/j0WGFTfrr1k.mp4,https://www.youtube.com/watch?v=j0WGFTfrr1k,real
zL9eJN6Yo6c,videos/dataset_real/zL9eJN6Yo6c.mp4,https://www.youtube.com/watch?v=zL9eJN6Yo6c,real
A6hzHov7Kng,videos/dataset_real/A6hzHov7Kng.mp4,https://www.youtube.com/watch?v=A6hzHov7Kng,real
decHzqG2NX8,videos/dataset_real/decHzqG2NX8.mp4,https://www.youtube.com/watch?v=decHzqG2NX8,real
a9vPm615xnY,videos/dataset_real/a9vPm615xnY.mp4,https://www.youtube.com/watch?v=a9vPm615xnY,real
c0ztLtpuwkM,videos/dataset_real/c0ztLtpuwkM.mp4,https://www.youtube.com/watch?v=c0ztLtpuwkM,real
3onNLEpMZ00,videos/dataset_real/3onNLEpMZ00.mp4,https://www.youtube.com/watch?v=3onNLEpMZ00,real
rkxMdmipYqM,videos/dataset_real/rkxMdmipYqM.mp4,https://www.youtube.com/watch?v=rkxMdmipYqM,real
SLMa5-n2OVc,videos/dataset_real/SLMa5-n2OVc.mp4,https://www.youtube.com/watch?v=SLMa5-n2OVc,real
alNHhdWDfsY,videos/dataset_real/alNHhdWDfsY.mp4,https://www.youtube.com/watch?v=alNHhdWDfsY,real
P8ewXLXrTHM,videos/dataset_real/P8ewXLXrTHM.mp4,https://www.youtube.com/watch?v=P8ewXLXrTHM,real
HqaGJ50Cz7o,videos/dataset_real/HqaGJ50Cz7o.mp4,https://www.youtube.com/watch?v=HqaGJ50Cz7o,real
D0K3nJdymyY,videos/dataset_real/D0K3nJdymyY.mp4,https://www.youtube.com/watch?v=D0K3nJdymyY,real
7kXE9a6i2dM,videos/dataset_real/7kXE9a6i2dM.mp4,https://www.youtube.com/watch?v=7kXE9a6i2dM,real
LAjACL6-Yd4,videos/dataset_real/LAjACL6-Yd4.mp4,https://www.youtube.com/watch?v=LAjACL6-Yd4,real
ojfZMid20iA,videos/dataset_real/ojfZMid20iA.mp4,https://www.youtube.com/watch?v=ojfZMid20iA,real
j3fUqdGXLbM,videos/dataset_real/j3fUqdGXLbM.mp4,https://www.youtube.com/watch?v=j3fUqdGXLbM,real
SuaxadRqJpM,videos/dataset_real/SuaxadRqJpM.mp4,https://www.youtube.com/watch?v=SuaxadRqJpM,real
zFPdxSX_QQE,videos/dataset_real/zFPdxSX_QQE.mp4,https://www.youtube.com/watch?v=zFPdxSX_QQE,real
bR5kIPwg6_Q,videos/dataset_real/bR5kIPwg6_Q.mp4,https://www.youtube.com/watch?v=bR5kIPwg6_Q,real
e7ozh4_1WG0,videos/dataset_real/e7ozh4_1WG0.mp4,https://www.youtube.com/watch?v=e7ozh4_1WG0,real
Sn-q-HdAxco,videos/dataset_real/Sn-q-HdAxco.mp4,https://www.youtube.com/watch?v=Sn-q-HdAxco,real
pWKggqO3VlY,videos/dataset_real/pWKggqO3VlY.mp4,https://www.youtube.com/watch?v=pWKggqO3VlY,real
HDkBrqaD0EE,videos/dataset_real/HDkBrqaD0EE.mp4,https://www.youtube.com/watch?v=HDkBrqaD0EE,real
aEsikH322n4,videos/dataset_real/aEsikH322n4.mp4,https://www.youtube.com/watch?v=aEsikH322n4,real
thd-o2HvAyU,videos/dataset_real/thd-o2HvAyU.mp4,https://www.youtube.com/watch?v=thd-o2HvAyU,real
vf6k_fTkcYM,videos/dataset_real/vf6k_fTkcYM.mp4,https://www.youtube.com/watch?v=vf6k_fTkcYM,real
FxpONecbsZQ,videos/dataset_real/FxpONecbsZQ.mp4,https://www.youtube.com/watch?v=FxpONecbsZQ,real
ofCZNgnPtqU,videos/dataset_real/ofCZNgnPtqU.mp4,https://www.youtube.com/watch?v=ofCZNgnPtqU,real
XvMoYEUVcB4,videos/dataset_real/XvMoYEUVcB4.mp4,https://www.youtube.com/watch?v=XvMoYEUVcB4,real
vvU2h4-rgsw,videos/dataset_real/vvU2h4-rgsw.mp4,https://www.youtube.com/watch?v=vvU2h4-rgsw,real
Zg2ebJ3reQM,videos/dataset_real/Zg2ebJ3reQM.mp4,https://www.youtube.com/watch?v=Zg2ebJ3reQM,real
6QO_PGr1Rso,videos/dataset_real/6QO_PGr1Rso.mp4,https://www.youtube.com/watch?v=6QO_PGr1Rso,real
1ovTo30_myI,videos/dataset_real/1ovTo30_myI.mp4,https://www.youtube.com/watch?v=1ovTo30_myI,real
HG63DmYrMeA,videos/dataset_real/HG63DmYrMeA.mp4,https://www.youtube.com/watch?v=HG63DmYrMeA,real
4nuzUOuYEjs,videos/dataset_real/4nuzUOuYEjs.mp4,https://www.youtube.com/watch?v=4nuzUOuYEjs,real
NYQEeiz-n7I,videos/dataset_real/NYQEeiz-n7I.mp4,https://www.youtube.com/watch?v=NYQEeiz-n7I,real
nDKenAmTmyQ,videos/dataset_real/nDKenAmTmyQ.mp4,https://www.youtube.com/watch?v=nDKenAmTmyQ,real
14pAZJMgnZw,videos/dataset_real/14pAZJMgnZw.mp4,https://www.youtube.com/watch?v=14pAZJMgnZw,real
4XWn4u151hQ,videos/dataset_real/4XWn4u151hQ.mp4,https://www.youtube.com/watch?v=4XWn4u151hQ,real
7cMcjrtK-Do,videos/dataset_real/7cMcjrtK-Do.mp4,https://www.youtube.com/watch?v=7cMcjrtK-Do,real
SoP_lJ0FWoc,videos/dataset_real/SoP_lJ0FWoc.mp4,https://www.youtube.com/watch?v=SoP_lJ0FWoc,real
IKOpcSRxHxQ,videos/dataset_real/IKOpcSRxHxQ.mp4,https://www.youtube.com/watch?v=IKOpcSRxHxQ,real
bZOSyaScnhM,videos/dataset_real/bZOSyaScnhM.mp4,https://www.youtube.com/watch?v=bZOSyaScnhM,real
24gECuCSYec,videos/dataset_real/24gECuCSYec.mp4,https://www.youtube.com/watch?v=24gECuCSYec,real
PNoQzQwbTFU,videos/dataset_real/PNoQzQwbTFU.mp4,https://www.youtube.com/watch?v=PNoQzQwbTFU,real
AovFfdcy28E,videos/dataset_real/AovFfdcy28E.mp4,https://www.youtube.com/watch?v=AovFfdcy28E,real
EnbfoFUFm2s,videos/dataset_real/EnbfoFUFm2s.mp4,https://www.youtube.com/watch?v=EnbfoFUFm2s,real
JreonVbDICI,videos/dataset_real/JreonVbDICI.mp4,https://www.youtube.com/watch?v=JreonVbDICI,real
sp0I81Bb2lo,videos/dataset_real/sp0I81Bb2lo.mp4,https://www.youtube.com/watch?v=sp0I81Bb2lo,real
2ZIfqLDG_Qs,videos/dataset_real/2ZIfqLDG_Qs.mp4,https://www.youtube.com/watch?v=2ZIfqLDG_Qs,real
r7MRGRXtHkc,videos/dataset_real/r7MRGRXtHkc.mp4,https://www.youtube.com/watch?v=r7MRGRXtHkc,real
eBu7lu-Jkvs,videos/dataset_real/eBu7lu-Jkvs.mp4,https://www.youtube.com/watch?v=eBu7lu-Jkvs,real
TfpR8AFegdI,videos/dataset_real/TfpR8AFegdI.mp4,https://www.youtube.com/watch?v=TfpR8AFegdI,real
0IEc6yoVf-s,videos/dataset_real/0IEc6yoVf-s.mp4,https://www.youtube.com/watch?v=0IEc6yoVf-s,real
k3u4uUaiH_4,videos/dataset_real/k3u4uUaiH_4.mp4,https://www.youtube.com/watch?v=k3u4uUaiH_4,real
mhLWUjB2ox4,videos/dataset_real/mhLWUjB2ox4.mp4,https://www.youtube.com/watch?v=mhLWUjB2ox4,real
kg18CwWeMnc,videos/dataset_real/kg18CwWeMnc.mp4,https://www.youtube.com/watch?v=kg18CwWeMnc,real
epfZJu5JkP4,videos/dataset_real/epfZJu5JkP4.mp4,https://www.youtube.com/watch?v=epfZJu5JkP4,real
D2Y2pU-_u4U,videos/dataset_real/D2Y2pU-_u4U.mp4,https://www.youtube.com/watch?v=D2Y2pU-_u4U,real
Qej_ZzMV5_0,videos/dataset_real/Qej_ZzMV5_0.mp4,https://www.youtube.com/watch?v=Qej_ZzMV5_0,real
XZT__G650Fk,videos/dataset_real/XZT__G650Fk.mp4,https://www.youtube.com/watch?v=XZT__G650Fk,real
htNMTxj_qE8,videos/dataset_real/htNMTxj_qE8.mp4,https://www.youtube.com/watch?v=htNMTxj_qE8,real
9o1HPx__P9w,videos/dataset_real/9o1HPx__P9w.mp4,https://www.youtube.com/watch?v=9o1HPx__P9w,real
_CkaeM4zN-g,videos/dataset_real/_CkaeM4zN-g.mp4,https://www.youtube.com/watch?v=_CkaeM4zN-g,real
QtaIEj645gM,videos/dataset_real/QtaIEj645gM.mp4,https://www.youtube.com/watch?v=QtaIEj645gM,real
Q2Vs43jjZFs,videos/dataset_real/Q2Vs43jjZFs.mp4,https://www.youtube.com/watch?v=Q2Vs43jjZFs,real
UBc38VjI7NU,videos/dataset_real/UBc38VjI7NU.mp4,https://www.youtube.com/watch?v=UBc38VjI7NU,real
IZWQonLN2xk,videos/dataset_real/IZWQonLN2xk.mp4,https://www.youtube.com/watch?v=IZWQonLN2xk,real
CfPFU4UaaRA,videos/dataset_real/CfPFU4UaaRA.mp4,https://www.youtube.com/watch?v=CfPFU4UaaRA,real
vd2AklBK-GA,videos/dataset_real/vd2AklBK-GA.mp4,https://www.youtube.com/watch?v=vd2AklBK-GA,real
8M8FzRfSsO8,videos/dataset_real/8M8FzRfSsO8.mp4,https://www.youtube.com/watch?v=8M8FzRfSsO8,real
3ObIEBkssuU,videos/dataset_real/3ObIEBkssuU.mp4,https://www.youtube.com/watch?v=3ObIEBkssuU,real
6OWzmfJVloo,videos/dataset_real/6OWzmfJVloo.mp4,https://www.youtube.com/watch?v=6OWzmfJVloo,real
UmX4M4Np43A,videos/dataset_real/UmX4M4Np43A.mp4,https://www.youtube.com/watch?v=UmX4M4Np43A,real
3kkMPD744dY,videos/dataset_real/3kkMPD744dY.mp4,https://www.youtube.com/watch?v=3kkMPD744dY,real
ZZ0BOEOtD2U,videos/dataset_real/ZZ0BOEOtD2U.mp4,https://www.youtube.com/watch?v=ZZ0BOEOtD2U,real
rbE53XUtVw0,videos/dataset_real/rbE53XUtVw0.mp4,https://www.youtube.com/watch?v=rbE53XUtVw0,real
uK76aZ4vku0,videos/dataset_real/uK76aZ4vku0.mp4,https://www.youtube.com/watch?v=uK76aZ4vku0,real
4mD1qG0c1dE,videos/dataset_real/4mD1qG0c1dE.mp4,https://www.youtube.com/watch?v=4mD1qG0c1dE,real
MgbYdnL6e8Q,videos/dataset_real/MgbYdnL6e8Q.mp4,https://www.youtube.com/watch?v=MgbYdnL6e8Q,real
wXBjUxe4Lvk,videos/dataset_real/wXBjUxe4Lvk.mp4,https://www.youtube.com/watch?v=wXBjUxe4Lvk,real
OKu0yybmtkc,videos/dataset_real/OKu0yybmtkc.mp4,https://www.youtube.com/watch?v=OKu0yybmtkc,real
V5AN0jRzPMI,videos/dataset_real/V5AN0jRzPMI.mp4,https://www.youtube.com/watch?v=V5AN0jRzPMI,real
iKWA55i_2eI,videos/dataset_real/iKWA55i_2eI.mp4,https://www.youtube.com/watch?v=iKWA55i_2eI,real
HixMIKyUqSM,videos/dataset_real/HixMIKyUqSM.mp4,https://www.youtube.com/watch?v=HixMIKyUqSM,real
TXk8CoMdxD8,videos/dataset_real/TXk8CoMdxD8.mp4,https://www.youtube.com/watch?v=TXk8CoMdxD8,real
emjET20ZSsQ,videos/dataset_real/emjET20ZSsQ.mp4,https://www.youtube.com/watch?v=emjET20ZSsQ,real
whaesnYloMQ,videos/dataset_real/whaesnYloMQ.mp4,https://www.youtube.com/watch?v=whaesnYloMQ,real
HB2jgJJG2is,videos/dataset_real/HB2jgJJG2is.mp4,https://www.youtube.com/watch?v=HB2jgJJG2is,real
mHxPpgAzd3Y,videos/dataset_real/mHxPpgAzd3Y.mp4,https://www.youtube.com/watch?v=mHxPpgAzd3Y,real
pxpSzn7iNXI,videos/dataset_real/pxpSzn7iNXI.mp4,https://www.youtube.com/watch?v=pxpSzn7iNXI,real
9ECb-yH2DBo,videos/dataset_real/9ECb-yH2DBo.mp4,https://www.youtube.com/watch?v=9ECb-yH2DBo,real
fd-PSSN_cA0,videos/dataset_real/fd-PSSN_cA0.mp4,https://www.youtube.com/watch?v=fd-PSSN_cA0,real
CDs2d3dJtYk,videos/dataset_real/CDs2d3dJtYk.mp4,https://www.youtube.com/watch?v=CDs2d3dJtYk,real
Y1gA5aNLznM,videos/dataset_real/Y1gA5aNLznM.mp4,https://www.youtube.com/watch?v=Y1gA5aNLznM,real
VWUXDDM_TAQ,videos/dataset_real/VWUXDDM_TAQ.mp4,https://www.youtube.com/watch?v=VWUXDDM_TAQ,real
DMn4SNIuFH4,videos/dataset_real/DMn4SNIuFH4.mp4,https://www.youtube.com/watch?v=DMn4SNIuFH4,real
uhx1sdX2bow,videos/dataset_real/uhx1sdX2bow.mp4,https://www.youtube.com/watch?v=uhx1sdX2bow,real
tusRN2EIC_M,videos/dataset_real/tusRN2EIC_M.mp4,https://www.youtube.com/watch?v=tusRN2EIC_M,real
v4XF8rqEyRA,videos/dataset_real/v4XF8rqEyRA.mp4,https://www.youtube.com/watch?v=v4XF8rqEyRA,real
BzUb5MOysLo,videos/dataset_real/BzUb5MOysLo.mp4,https://www.youtube.com/watch?v=BzUb5MOysLo,real
R6710XQXXEU,videos/dataset_real/R6710XQXXEU.mp4,https://www.youtube.com/watch?v=R6710XQXXEU,real
-4Nr-AphV_A,videos/dataset_real/-4Nr-AphV_A.mp4,https://www.youtube.com/watch?v=-4Nr-AphV_A,real
ZGk-rH_zcPE,videos/dataset_real/ZGk-rH_zcPE.mp4,https://www.youtube.com/watch?v=ZGk-rH_zcPE,real
cA5C5SIGECs,videos/dataset_real/cA5C5SIGECs.mp4,https://www.youtube.com/watch?v=cA5C5SIGECs,real
cwyJQ9VKxbE,videos/dataset_real/cwyJQ9VKxbE.mp4,https://www.youtube.com/watch?v=cwyJQ9VKxbE,real
FLUjak-EYxA,videos/dataset_real/FLUjak-EYxA.mp4,https://www.youtube.com/watch?v=FLUjak-EYxA,real
kAFBhYRlkZc,videos/dataset_real/kAFBhYRlkZc.mp4,https://www.youtube.com/watch?v=kAFBhYRlkZc,real
rb8XyyFes-A,videos/dataset_real/rb8XyyFes-A.mp4,https://www.youtube.com/watch?v=rb8XyyFes-A,real
Ndk1d5lSUNg,videos/dataset_real/Ndk1d5lSUNg.mp4,https://www.youtube.com/watch?v=Ndk1d5lSUNg,real
EiT-FQVyoe8,videos/dataset_real/EiT-FQVyoe8.mp4,https://www.youtube.com/watch?v=EiT-FQVyoe8,real
ekmMD8oYtJ0,videos/dataset_real/ekmMD8oYtJ0.mp4,https://www.youtube.com/watch?v=ekmMD8oYtJ0,real
jWT74pNljxY,videos/dataset_real/jWT74pNljxY.mp4,https://www.youtube.com/watch?v=jWT74pNljxY,real
guOdGIQC3hs,videos/dataset_real/guOdGIQC3hs.mp4,https://www.youtube.com/watch?v=guOdGIQC3hs,real
xGJe_eRw2Ao,videos/dataset_real/xGJe_eRw2Ao.mp4,https://www.youtube.com/watch?v=xGJe_eRw2Ao,real
O0FI4bfhb7k,videos/dataset_real/O0FI4bfhb7k.mp4,https://www.youtube.com/watch?v=O0FI4bfhb7k,real
6E82LDmdnxo,videos/dataset_real/6E82LDmdnxo.mp4,https://www.youtube.com/watch?v=6E82LDmdnxo,real
p_6iDBoOvb0,videos/dataset_real/p_6iDBoOvb0.mp4,https://www.youtube.com/watch?v=p_6iDBoOvb0,real
OUaKLRO33-I,videos/dataset_real/OUaKLRO33-I.mp4,https://www.youtube.com/watch?v=OUaKLRO33-I,real
G8SK6e8I01Y,videos/dataset_real/G8SK6e8I01Y.mp4,https://www.youtube.com/watch?v=G8SK6e8I01Y,real
bcGxg3c1HE8,videos/dataset_real/bcGxg3c1HE8.mp4,https://www.youtube.com/watch?v=bcGxg3c1HE8,real
oaf7Xtt_Vwg,videos/dataset_real/oaf7Xtt_Vwg.mp4,https://www.youtube.com/watch?v=oaf7Xtt_Vwg,real
9oN6d4r0WkE,videos/dataset_real/9oN6d4r0WkE.mp4,https://www.youtube.com/watch?v=9oN6d4r0WkE,real
nxsrS049xaY,videos/dataset_real/nxsrS049xaY.mp4,https://www.youtube.com/watch?v=nxsrS049xaY,real
ggEBbcp37Cc,videos/dataset_real/ggEBbcp37Cc.mp4,https://www.youtube.com/watch?v=ggEBbcp37Cc,real
0iR-mCOX308,videos/dataset_real/0iR-mCOX308.mp4,https://www.youtube.com/watch?v=0iR-mCOX308,real
EtsrIpeMIkE,videos/dataset_real/EtsrIpeMIkE.mp4,https://www.youtube.com/watch?v=EtsrIpeMIkE,real
YlAuHZsFmhU,videos/dataset_real/YlAuHZsFmhU.mp4,https://www.youtube.com/watch?v=YlAuHZsFmhU,real
046MuD1pYJg,videos/dataset_real/046MuD1pYJg.mp4,https://www.youtube.com/watch?v=046MuD1pYJg,real
qOGWQPI9aP4,videos/dataset_real/qOGWQPI9aP4.mp4,https://www.youtube.com/watch?v=qOGWQPI9aP4,real
gK6MD_8S01o,videos/dataset_real/gK6MD_8S01o.mp4,https://www.youtube.com/watch?v=gK6MD_8S01o,real
GUn0ocX5G-0,videos/dataset_real/GUn0ocX5G-0.mp4,https://www.youtube.com/watch?v=GUn0ocX5G-0,real
YGfJeH5HRDQ,videos/dataset_real/YGfJeH5HRDQ.mp4,https://www.youtube.com/watch?v=YGfJeH5HRDQ,real
p2c9zTCR5vM,videos/dataset_real/p2c9zTCR5vM.mp4,https://www.youtube.com/watch?v=p2c9zTCR5vM,real
R4_trBh25Vk,videos/dataset_real/R4_trBh25Vk.mp4,https://www.youtube.com/watch?v=R4_trBh25Vk,real
LtFrsa7Yico,videos/dataset_real/LtFrsa7Yico.mp4,https://www.youtube.com/watch?v=LtFrsa7Yico,real
k-a0EFhr3vE,videos/dataset_real/k-a0EFhr3vE.mp4,https://www.youtube.com/watch?v=k-a0EFhr3vE,real
lGeoH4SaFIo,videos/dataset_real/lGeoH4SaFIo.mp4,https://www.youtube.com/watch?v=lGeoH4SaFIo,real
a6sG41GDwtA,videos/dataset_real/a6sG41GDwtA.mp4,https://www.youtube.com/watch?v=a6sG41GDwtA,real
W8djC9GoZVw,videos/dataset_real/W8djC9GoZVw.mp4,https://www.youtube.com/watch?v=W8djC9GoZVw,real
RXwQ7_hlL3g,videos/dataset_real/RXwQ7_hlL3g.mp4,https://www.youtube.com/watch?v=RXwQ7_hlL3g,real
X1UbFyNsTQc,videos/dataset_real/X1UbFyNsTQc.mp4,https://www.youtube.com/watch?v=X1UbFyNsTQc,real
0fNy_tWYkd4,videos/dataset_real/0fNy_tWYkd4.mp4,https://www.youtube.com/watch?v=0fNy_tWYkd4,real
y0xn1C6ALvo,videos/dataset_real/y0xn1C6ALvo.mp4,https://www.youtube.com/watch?v=y0xn1C6ALvo,real
_V6C0SFEUO8,videos/dataset_real/_V6C0SFEUO8.mp4,https://www.youtube.com/watch?v=_V6C0SFEUO8,real
k-9sQXhHHmk,videos/dataset_real/k-9sQXhHHmk.mp4,https://www.youtube.com/watch?v=k-9sQXhHHmk,real
V2H3M_0i1Fo,videos/dataset_real/V2H3M_0i1Fo.mp4,https://www.youtube.com/watch?v=V2H3M_0i1Fo,real
zxKFzT6GjUk,videos/dataset_real/zxKFzT6GjUk.mp4,https://www.youtube.com/watch?v=zxKFzT6GjUk,real
1jWA3mE5o9Y,videos/dataset_real/1jWA3mE5o9Y.mp4,https://www.youtube.com/watch?v=1jWA3mE5o9Y,real
q_K-l6X2ftU,videos/dataset_real/q_K-l6X2ftU.mp4,https://www.youtube.com/watch?v=q_K-l6X2ftU,real
NsphCJBiGOI,videos/dataset_real/NsphCJBiGOI.mp4,https://www.youtube.com/watch?v=NsphCJBiGOI,real
dvLnIecUNL8,videos/dataset_real/dvLnIecUNL8.mp4,https://www.youtube.com/watch?v=dvLnIecUNL8,real
vWDrFjKHGMY,videos/dataset_real/vWDrFjKHGMY.mp4,https://www.youtube.com/watch?v=vWDrFjKHGMY,real
Shcrc8fF-V8,videos/dataset_real/Shcrc8fF-V8.mp4,https://www.youtube.com/watch?v=Shcrc8fF-V8,real
iVuJdREC22g,videos/dataset_real/iVuJdREC22g.mp4,https://www.youtube.com/watch?v=iVuJdREC22g,real
iSUZjXiGHpQ,videos/dataset_real/iSUZjXiGHpQ.mp4,https://www.youtube.com/watch?v=iSUZjXiGHpQ,real
aw59Z8v3LX0,videos/dataset_real/aw59Z8v3LX0.mp4,https://www.youtube.com/watch?v=aw59Z8v3LX0,real
Bq7OK-I4aUs,videos/dataset_real/Bq7OK-I4aUs.mp4,https://www.youtube.com/watch?v=Bq7OK-I4aUs,real
r5-Qrir9fFs,videos/dataset_real/r5-Qrir9fFs.mp4,https://www.youtube.com/watch?v=r5-Qrir9fFs,real
Ttyxt3bjq2k,videos/dataset_real/Ttyxt3bjq2k.mp4,https://www.youtube.com/watch?v=Ttyxt3bjq2k,real
kL54ehYEwXI,videos/dataset_real/kL54ehYEwXI.mp4,https://www.youtube.com/watch?v=kL54ehYEwXI,real
ftLYUy_c16o,videos/dataset_real/ftLYUy_c16o.mp4,https://www.youtube.com/watch?v=ftLYUy_c16o,real
rq9dhQIoDw8,videos/dataset_real/rq9dhQIoDw8.mp4,https://www.youtube.com/watch?v=rq9dhQIoDw8,real
rvOAG6OwaRY,videos/dataset_real/rvOAG6OwaRY.mp4,https://www.youtube.com/watch?v=rvOAG6OwaRY,real
9KBCzQmKj70,videos/dataset_real/9KBCzQmKj70.mp4,https://www.youtube.com/watch?v=9KBCzQmKj70,real
XyiPDoCjO4s,videos/dataset_real/XyiPDoCjO4s.mp4,https://www.youtube.com/watch?v=XyiPDoCjO4s,real
47GYyXVTUFY,videos/dataset_real/47GYyXVTUFY.mp4,https://www.youtube.com/watch?v=47GYyXVTUFY,real
vPO-2BXUuKI,videos/dataset_real/vPO-2BXUuKI.mp4,https://www.youtube.com/watch?v=vPO-2BXUuKI,real
7z7d3UIMiEY,videos/dataset_real/7z7d3UIMiEY.mp4,https://www.youtube.com/watch?v=7z7d3UIMiEY,real
gyPfkHcW5BI,videos/dataset_real/gyPfkHcW5BI.mp4,https://www.youtube.com/watch?v=gyPfkHcW5BI,real
PRdS13Q9ExQ,videos/dataset_real/PRdS13Q9ExQ.mp4,https://www.youtube.com/watch?v=PRdS13Q9ExQ,real
2XkV-AMhBvo,videos/dataset_real/2XkV-AMhBvo.mp4,https://www.youtube.com/watch?v=2XkV-AMhBvo,real
eejvKLS8Ssk,videos/dataset_real/eejvKLS8Ssk.mp4,https://www.youtube.com/watch?v=eejvKLS8Ssk,real
KIAsBq64hnQ,videos/dataset_real/KIAsBq64hnQ.mp4,https://www.youtube.com/watch?v=KIAsBq64hnQ,real
tC7ZfO1_x9M,videos/dataset_real/tC7ZfO1_x9M.mp4,https://www.youtube.com/watch?v=tC7ZfO1_x9M,real
STZCFSWRDq8,videos/dataset_real/STZCFSWRDq8.mp4,https://www.youtube.com/watch?v=STZCFSWRDq8,real
MxCVbISr21U,videos/dataset_real/MxCVbISr21U.mp4,https://www.youtube.com/watch?v=MxCVbISr21U,real
PUzTCoG7GJ4,videos/dataset_real/PUzTCoG7GJ4.mp4,https://www.youtube.com/watch?v=PUzTCoG7GJ4,real
WD4ELHz0gd0,videos/dataset_real/WD4ELHz0gd0.mp4,https://www.youtube.com/watch?v=WD4ELHz0gd0,real
DSv-rvGrkgU,videos/dataset_real/DSv-rvGrkgU.mp4,https://www.youtube.com/watch?v=DSv-rvGrkgU,real
xNJxDWX-qes,videos/dataset_real/xNJxDWX-qes.mp4,https://www.youtube.com/watch?v=xNJxDWX-qes,real
FMAjINH_rAs,videos/dataset_real/FMAjINH_rAs.mp4,https://www.youtube.com/watch?v=FMAjINH_rAs,real
yWj33Ud8iag,videos/dataset_real/yWj33Ud8iag.mp4,https://www.youtube.com/watch?v=yWj33Ud8iag,real
g7FXeaahRsg,videos/dataset_real/g7FXeaahRsg.mp4,https://www.youtube.com/watch?v=g7FXeaahRsg,real
deAEKPbpSSY,videos/dataset_real/deAEKPbpSSY.mp4,https://www.youtube.com/watch?v=deAEKPbpSSY,real
P7wNVGLKDL8,videos/dataset_real/P7wNVGLKDL8.mp4,https://www.youtube.com/watch?v=P7wNVGLKDL8,real
n--KABNiV4g,videos/dataset_real/n--KABNiV4g.mp4,https://www.youtube.com/watch?v=n--KABNiV4g,real
DDysIPc98i4,videos/dataset_real/DDysIPc98i4.mp4,https://www.youtube.com/watch?v=DDysIPc98i4,real
QXLge_iRblk,videos/dataset_real/QXLge_iRblk.mp4,https://www.youtube.com/watch?v=QXLge_iRblk,real
WDmGAnRIaiA,videos/dataset_real/WDmGAnRIaiA.mp4,https://www.youtube.com/watch?v=WDmGAnRIaiA,real
gJPk7rcjfpw,videos/dataset_real/gJPk7rcjfpw.mp4,https://www.youtube.com/watch?v=gJPk7rcjfpw,real
nJ4RtT0T_BA,videos/dataset_real/nJ4RtT0T_BA.mp4,https://www.youtube.com/watch?v=nJ4RtT0T_BA,real
vhvyid7vVoQ,videos/dataset_real/vhvyid7vVoQ.mp4,https://www.youtube.com/watch?v=vhvyid7vVoQ,real
heSOBf-sOm8,videos/dataset_real/heSOBf-sOm8.mp4,https://www.youtube.com/watch?v=heSOBf-sOm8,real
o1R79KBdq3g,videos/dataset_real/o1R79KBdq3g.mp4,https://www.youtube.com/watch?v=o1R79KBdq3g,real
sa2HbfP1iMg,videos/dataset_real/sa2HbfP1iMg.mp4,https://www.youtube.com/watch?v=sa2HbfP1iMg,real
CxZDQoiIVLc,videos/dataset_real/CxZDQoiIVLc.mp4,https://www.youtube.com/watch?v=CxZDQoiIVLc,real
ZnAGXvVNMB8,videos/dataset_real/ZnAGXvVNMB8.mp4,https://www.youtube.com/watch?v=ZnAGXvVNMB8,real
eds_MxfNw5Q,videos/dataset_real/eds_MxfNw5Q.mp4,https://www.youtube.com/watch?v=eds_MxfNw5Q,real
qGISrbDdL_g,videos/dataset_real/qGISrbDdL_g.mp4,https://www.youtube.com/watch?v=qGISrbDdL_g,real
